n,pitch,grade_Pa,v_face,dp_Pa,lumped_Pa,iterations,drift_pct,d_scale
8,4.47778,100,0.1,24.7512,25.8519,800,5.96335e-05,0.999731
8,4.47778,100,0.2,49.5209,51.7039,800,0.00148689,0.999731
8,4.47778,100,0.35,86.7411,90.4818,800,4.16412e-05,0.999731
10,3.66364,100,0.1,21.6128,22.3946,800,3.33135e-05,1.0002
10,3.66364,100,0.2,43.2402,44.7892,800,0.000527565,1.0002
10,3.66364,100,0.35,75.734,78.3811,800,2.23414e-05,1.0002
11,3.35833,100,0.1,20.4469,21.1505,800,2.52361e-05,0.999697
11,3.35833,100,0.2,40.9071,42.301,800,0.000282787,0.999697
11,3.35833,100,0.35,71.6452,74.0267,800,1.69167e-05,0.999697
12,3.1,100,0.1,19.5234,20.1358,800,1.2293e-05,1.0005
12,3.1,100,0.2,39.0593,40.2715,800,0.000165901,1.0005
12,3.1,100,0.35,68.4073,70.4752,800,1.26302e-05,1.0005
13,2.87857,100,0.1,18.7491,19.3051,800,6.40032e-06,1.00314
13,2.87857,100,0.2,37.5101,38.6102,800,8.22179e-05,1.00314
13,2.87857,100,0.35,65.6925,67.5679,800,6.94143e-06,1.00314
14,2.68667,100,0.1,18.1771,18.6253,800,3.30085e-06,1.00039
14,2.68667,100,0.2,36.3661,37.2506,800,5.04866e-05,1.00039
14,2.68667,100,0.35,63.6884,65.1885,800,5.27569e-06,1.00039
15,2.51875,100,0.1,17.6793,18.0715,800,1.35752e-06,1.00024
15,2.51875,100,0.2,35.3703,36.143,800,2.37487e-05,1.00024
15,2.51875,100,0.35,61.9439,63.2503,800,3.09958e-06,1.00024
16,2.37059,100,0.1,17.3393,17.625,800,6.92071e-07,1.00093
16,2.37059,100,0.2,34.6904,35.2499,800,1.41826e-05,1.00093
16,2.37059,100,0.35,60.7532,61.6874,800,1.9752e-06,1.00093
17,2.23889,100,0.1,17.0656,17.2712,800,7.03169e-07,0.999675
17,2.23889,100,0.2,34.1433,34.5424,800,5.97482e-06,0.999675
17,2.23889,100,0.35,59.7956,60.4493,800,1.60547e-06,0.999675
18,2.12105,100,0.1,16.915,16.9991,800,0,1.00187
18,2.12105,100,0.2,33.8423,33.9982,800,4.60962e-06,1.00187
18,2.12105,100,0.35,59.2689,59.4969,800,1.01234e-06,1.00187
20,1.91905,100,0.1,16.8932,16.667,800,0,0.99897
20,1.91905,100,0.2,33.7997,33.334,800,7.10066e-07,0.99897
20,1.91905,100,0.35,59.1963,58.3345,800,6.08146e-07,0.99897
22,1.75217,100,0.1,17.1444,16.5802,800,0,1.00011
22,1.75217,100,0.2,34.3036,33.1603,800,6.99635e-07,1.00011
22,1.75217,100,0.35,60.0822,58.0306,800,5.99179e-07,1.00011
24,1.612,100,0.1,17.7487,16.711,800,0,1.00135
24,1.612,100,0.2,35.5141,33.4221,800,3.37894e-07,1.00135
24,1.612,100,0.35,62.2066,58.4886,800,1.92906e-07,1.00135
26,1.49259,100,0.1,18.8321,17.0473,800,0,1.00029
26,1.49259,100,0.2,37.6833,34.0947,800,6.36887e-07,1.00029
26,1.49259,100,0.35,66.0104,59.6657,800,1.8179e-07,1.00029
8,4.47778,200,0.1,49.1735,51.5179,800,3.27005e-05,0.999731
8,4.47778,200,0.2,98.3658,103.036,800,0.000754775,0.999731
8,4.47778,200,0.35,172.22,180.313,800,1.88131e-05,0.999731
10,3.66364,200,0.1,42.8019,44.5069,800,1.68217e-05,1.0002
10,3.66364,200,0.2,85.6184,89.0138,800,0.000266298,1.0002
10,3.66364,200,0.35,149.896,155.774,800,1.12078e-05,1.0002
11,3.35833,200,0.1,40.3972,41.9624,800,1.1882e-05,0.999697
11,3.35833,200,0.2,80.8079,83.9248,800,0.000142709,0.999697
11,3.35833,200,0.35,141.472,146.868,800,9.33049e-06,0.999697
12,3.1,200,0.1,38.4596,39.8712,800,7.80039e-06,1.0005
12,3.1,200,0.2,76.932,79.7424,800,8.29823e-05,1.0005
12,3.1,200,0.35,134.685,139.549,800,6.23678e-06,1.0005
13,2.87857,200,0.1,36.8261,38.1426,800,3.25856e-06,1.00314
13,2.87857,200,0.2,73.6644,76.2851,800,4.23542e-05,1.00314
13,2.87857,200,0.35,128.963,133.499,800,3.72201e-06,1.00314
14,2.68667,200,0.1,35.5609,36.7101,800,1.68725e-06,1.00039
14,2.68667,200,0.2,71.134,73.4201,800,2.53044e-05,1.00039
14,2.68667,200,0.35,124.533,128.485,800,2.89081e-06,1.00039
15,2.51875,200,0.1,34.4535,35.524,800,6.96592e-07,1.00024
15,2.51875,200,0.2,68.9189,71.0481,800,1.184e-05,1.00024
15,2.51875,200,0.35,120.654,124.334,800,1.98915e-06,1.00024
16,2.37059,200,0.1,33.6335,34.5469,800,3.56787e-07,1.00093
16,2.37059,200,0.2,67.2792,69.0939,800,6.77773e-06,1.00093
16,2.37059,200,0.35,117.784,120.914,800,1.52822e-06,1.00093
17,2.23889,200,0.1,32.9354,33.7499,800,3.6435e-07,0.999675
17,2.23889,200,0.2,65.8833,67.4998,800,3.27852e-06,0.999675
17,2.23889,200,0.35,115.341,118.125,800,1.14443e-06,0.999675
18,2.12105,200,0.1,32.4665,33.1107,800,3.69611e-07,1.00187
18,2.12105,200,0.2,64.9459,66.2214,800,2.21723e-06,1.00187
18,2.12105,200,0.35,113.701,115.887,800,1.0554e-06,1.00187
20,1.91905,200,0.1,32.0675,32.2407,800,0,0.99897
20,1.91905,200,0.2,64.1488,64.4813,800,7.48261e-07,0.99897
20,1.91905,200,0.35,112.308,112.842,800,5.34246e-07,0.99897
22,1.75217,200,0.1,32.0698,31.8414,800,3.74184e-07,1.00011
22,1.75217,200,0.2,64.1551,63.6829,800,3.74093e-07,1.00011
22,1.75217,200,0.35,112.323,111.445,800,3.20503e-07,1.00011
24,1.612,200,0.1,32.6388,31.8603,800,3.6766e-07,1.00135
24,1.612,200,0.2,65.2954,63.7207,800,3.6756e-07,1.00135
24,1.612,200,0.35,114.325,111.511,800,1.04964e-07,1.00135
26,1.49259,200,0.1,33.917,32.2764,800,7.0761e-07,1.00029
26,1.49259,200,0.2,67.8543,64.5529,800,3.53699e-07,1.00029
26,1.49259,200,0.35,118.811,112.967,800,2.02001e-07,1.00029
8,4.47778,300,0.1,73.5893,77.184,800,2.52754e-05,0.999731
8,4.47778,300,0.2,147.197,154.368,800,0.000508705,0.999731
8,4.47778,300,0.35,257.676,270.144,800,1.11768e-05,0.999731
10,3.66364,300,0.1,63.9833,66.6192,800,1.08778e-05,1.0002
10,3.66364,300,0.2,127.981,133.238,800,0.000180026,1.0002
10,3.66364,300,0.35,224.031,233.167,800,8.03459e-06,1.0002
11,3.35833,300,0.1,60.3385,62.7743,800,6.76185e-06,0.999697
11,3.35833,300,0.2,120.691,125.549,800,9.84336e-05,0.999697
11,3.35833,300,0.35,211.267,219.71,800,6.24803e-06,0.999697
12,3.1,300,0.1,57.383,59.6066,800,4.80978e-06,1.0005
12,3.1,300,0.2,114.779,119.213,800,5.73973e-05,1.0005
12,3.1,300,0.35,200.917,208.623,800,5.37535e-06,1.0005
13,2.87857,300,0.1,54.8888,56.98,800,1.74899e-06,1.00314
13,2.87857,300,0.2,109.79,113.96,800,2.72156e-05,1.00314
13,2.87857,300,0.35,192.183,199.43,800,3.12203e-06,1.00314
14,2.68667,300,0.1,52.9245,54.7948,800,9.06952e-07,1.00039
14,2.68667,300,0.2,105.861,109.59,800,1.80236e-05,1.00039
14,2.68667,300,0.35,185.306,191.782,800,1.94273e-06,1.00039
15,2.51875,300,0.1,51.205,52.9766,800,4.68704e-07,1.00024
15,2.51875,300,0.2,102.422,105.953,800,7.26406e-06,1.00024
15,2.51875,300,0.35,179.285,185.418,800,1.33865e-06,1.00024
16,2.37059,300,0.1,49.8985,51.4689,800,2.40488e-07,1.00093
16,2.37059,300,0.2,99.8095,102.938,800,4.20802e-06,1.00093
16,2.37059,300,0.35,174.713,180.141,800,1.37368e-06,1.00093
17,2.23889,300,0.1,48.7716,50.2286,800,2.46045e-07,0.999675
17,2.23889,300,0.2,97.5559,100.457,800,2.09111e-06,0.999675
17,2.23889,300,0.35,170.769,175.8,800,7.02705e-07,0.999675
18,2.12105,300,0.1,47.9759,49.2223,800,2.50126e-07,1.00187
18,2.12105,300,0.2,95.9649,98.4446,800,1.50055e-06,1.00187
18,2.12105,300,0.35,167.985,172.278,800,7.1435e-07,1.00187
20,1.91905,300,0.1,47.194,47.8143,800,2.5427e-07,0.99897
20,1.91905,300,0.2,94.402,95.6287,800,6.3558e-07,0.99897
20,1.91905,300,0.35,165.252,167.35,800,7.26165e-07,0.99897
22,1.75217,300,0.1,46.9295,47.1027,800,2.55703e-07,1.00011
22,1.75217,300,0.2,93.8749,94.2055,800,3.83489e-07,1.00011
22,1.75217,300,0.35,164.334,164.86,800,0,1.00011
24,1.612,300,0.1,47.4407,47.0096,800,2.52947e-07,1.00135
24,1.612,300,0.2,94.8998,94.0192,800,3.79347e-07,1.00135
24,1.612,300,0.35,166.134,164.534,800,7.22308e-07,1.00135
26,1.49259,300,0.1,48.8786,47.5055,800,2.45506e-07,1.00029
26,1.49259,300,0.2,97.7784,95.011,800,3.68179e-07,1.00029
26,1.49259,300,0.35,171.18,166.269,800,0,1.00029
