iso_time,temp_c,rh_pct,note
2026-08-31T19:30:18,25.1,45.7,"bench, before enclosure"
2026-08-31T19:31:13,25.2,45.7,"bench, before enclosure"
2026-08-31T19:31:43,25.2,45.6,"bench, before enclosure"
2026-08-31T19:32:13,25.2,45.4,"bench, before enclosure"
2026-08-31T19:33:13,25.1,45.3,"bench, before enclosure"
2026-08-31T19:33:43,25.1,45.3,"bench, before enclosure"
2026-08-31T19:34:13,25.2,45.3,"bench, before enclosure"
2026-08-31T19:35:36,,,unreachable: TimeoutError
2026-08-31T19:36:07,25.2,45.3,"bench, before enclosure"
2026-08-31T19:36:43,25.2,45.1,"bench, before enclosure"
2026-08-31T19:37:13,25.2,45.1,"bench, before enclosure"
2026-08-31T19:37:43,25.2,45.1,"bench, before enclosure"
2026-08-31T19:38:13,25.2,45.1,"bench, before enclosure"
2026-08-31T19:38:44,25.1,45.1,"bench, before enclosure"
2026-08-31T19:39:43,25.2,45.2,"bench, before enclosure"
2026-08-31T19:40:13,25.2,46,"bench, before enclosure"
2026-08-31T19:40:43,25.3,45.5,"bench, before enclosure"
2026-08-31T19:41:15,,,unreachable: TimeoutError
2026-08-31T19:41:46,25.3,45.5,"bench, before enclosure"
2026-08-31T19:42:43,25.3,45.2,"bench, before enclosure"
2026-08-31T19:43:45,,,unreachable: TimeoutError
2026-08-31T19:43:57,25.3,45.3,"bench, before enclosure"
2026-08-31T19:44:50,25.3,45,"bench, before enclosure"
2026-08-31T19:45:20,25.3,44.9,"bench, before enclosure"
2026-08-31T19:45:50,25.3,44.8,"bench, before enclosure"
2026-08-31T19:46:20,25.3,44.8,"bench, before enclosure"
2026-08-31T19:46:50,25.3,44.8,"bench, before enclosure"
2026-08-31T19:47:50,25.3,44.8,"bench, before enclosure"
2026-08-31T19:48:20,25.3,44.8,"bench, before enclosure"
2026-08-31T19:48:50,25.2,44.8,"bench, before enclosure"
2026-08-31T19:49:28,,,unreachable: TimeoutError
2026-08-31T19:50:25,25.2,44.8,reconnect test
2026-08-31T19:50:50,25.2,44.8,reconnect test
2026-08-31T19:51:20,25.2,44.7,reconnect test
2026-08-31T19:51:49,25.2,44.7,"bench, before enclosure"
2026-08-31T19:52:20,25.4,44.7,"bench, before enclosure"
2026-08-31T19:52:50,25.5,44.7,"bench, before enclosure"
2026-08-31T19:53:50,25.7,44.5,"bench, before enclosure"
2026-08-31T19:54:20,25.7,44.1,"bench, before enclosure"
2026-08-31T19:55:55,25.8,44,"bench, before enclosure"
2026-08-31T19:56:50,25.7,43.8,"bench, before enclosure"
2026-08-31T19:57:20,25.7,43.6,"bench, before enclosure"
2026-08-31T19:58:20,25.8,43.4,"bench, before enclosure"
2026-08-31T19:58:50,25.8,43,"bench, before enclosure"
2026-08-31T19:59:20,25.8,42.7,"bench, before enclosure"
2026-08-31T19:59:50,25.8,42.5,"bench, before enclosure"
2026-08-31T20:00:20,25.8,42.2,"bench, before enclosure"
2026-08-31T20:02:55,,,unreachable: URLError
2026-08-31T21:03:10,25,41.9,"bench, before enclosure"
2026-08-31T21:03:54,24.5,35.3,"bench, before enclosure"
2026-08-31T21:06:07,,,unreachable: URLError
2026-08-31T21:31:04,23.4,35.4,"bench, before enclosure"
2026-08-31T21:31:57,23.4,38.8,"bench, before enclosure"
2026-08-31T21:32:27,23.4,38.9,"bench, before enclosure"
2026-08-31T21:33:27,23.5,38.9,"bench, before enclosure"
2026-08-31T21:33:57,23.5,38.9,"bench, before enclosure"
2026-08-31T21:34:27,23.5,38.9,"bench, before enclosure"
2026-08-31T21:34:57,23.5,38.9,"bench, before enclosure"
2026-08-31T21:35:57,23.4,38.9,"bench, before enclosure"
2026-08-31T21:36:43,23.4,38.9,"bench, before enclosure"
2026-08-31T21:37:27,23.4,39,"bench, before enclosure"
2026-08-31T21:37:59,23.4,39,"bench, before enclosure"
2026-08-31T21:38:57,23.4,39.1,"bench, before enclosure"
2026-08-31T21:39:27,23.4,39.1,"bench, before enclosure"
2026-08-31T21:39:57,23.4,39.2,"bench, before enclosure"
2026-08-31T21:40:57,23.3,39.2,"bench, before enclosure"
2026-08-31T21:41:27,23.4,39.3,"bench, before enclosure"
2026-08-31T21:42:22,23.4,39.3,"bench, before enclosure"
2026-08-31T21:42:57,23.4,39.3,"bench, before enclosure"
2026-08-31T21:43:27,23.4,39.3,"bench, before enclosure"
2026-08-31T21:43:57,23.5,39.4,"bench, before enclosure"
2026-08-31T21:44:27,23.4,39.3,"bench, before enclosure"
2026-08-31T21:44:57,23.4,39.4,"bench, before enclosure"
2026-08-31T21:45:27,23.5,39.4,"bench, before enclosure"
2026-08-31T21:45:57,23.5,39.4,"bench, before enclosure"
2026-08-31T21:48:34,,,unreachable: URLError
2026-08-31T22:05:41,23.4,39.4,"bench, before enclosure"
2026-08-31T22:06:34,23.4,40,"bench, before enclosure"
2026-08-31T22:07:04,23.4,40,"bench, before enclosure"
2026-08-31T22:07:34,23.4,40,"bench, before enclosure"
2026-08-31T22:08:04,23.4,40,"bench, before enclosure"
2026-08-31T22:08:34,23.5,40,"bench, before enclosure"
2026-08-31T22:09:04,23.5,40,"bench, before enclosure"
2026-08-31T22:09:34,23.5,40,"bench, before enclosure"
2026-08-31T22:10:34,23.5,40,"bench, before enclosure"
2026-08-31T22:11:20,23.5,40,"bench, before enclosure"
2026-08-31T22:12:04,23.4,40,"bench, before enclosure"
2026-08-31T22:12:34,23.4,40,"bench, before enclosure"
2026-08-31T22:13:04,23.4,40.1,"bench, before enclosure"
2026-08-31T22:13:34,23.4,40.1,"bench, before enclosure"
2026-08-31T22:14:34,23.4,40.1,"bench, before enclosure"
2026-08-31T22:15:04,23.4,40.2,"bench, before enclosure"
2026-08-31T22:15:34,23.4,40.1,"bench, before enclosure"
2026-08-31T22:18:19,,,unreachable: URLError
2026-08-31T23:34:15,24.2,36.6,"bench, wpa2-only"
2026-08-31T23:34:50,24.2,36.6,"bench, wpa2-only"
2026-08-31T23:35:20,24.2,36.5,"bench, wpa2-only"
2026-08-31T23:35:51,24.2,36.6,"bench, wpa2-only"
2026-08-31T23:36:21,24.2,36.7,"bench, wpa2-only"
2026-08-31T23:36:51,24.2,36.6,"bench, wpa2-only"
2026-08-31T23:37:50,24.3,36.7,"bench, wpa2-only"
2026-08-31T23:38:20,24.3,36.7,"bench, wpa2-only"
2026-08-31T23:39:08,24.3,36.6,"bench, wpa2-only"
2026-08-31T23:39:50,24.1,36.6,"bench, wpa2-only"
2026-08-31T23:40:21,24.1,36.6,"bench, wpa2-only"
2026-08-31T23:40:51,24.1,36.7,"bench, wpa2-only"
2026-08-31T23:41:21,24.1,36.7,"bench, wpa2-only"
2026-08-31T23:41:51,24.1,36.7,"bench, wpa2-only"
2026-08-31T23:42:51,24.1,36.6,"bench, wpa2-only"
2026-08-31T23:43:21,24.1,36.6,"bench, wpa2-only"
2026-08-31T23:43:51,24.1,36.6,"bench, wpa2-only"
2026-08-31T23:44:46,24.1,36.6,"bench, wpa2-only"
2026-08-31T23:45:21,24,36.6,"bench, wpa2-only"
2026-08-31T23:45:51,24,36.5,"bench, wpa2-only"
2026-08-31T23:46:51,24.1,36.5,"bench, wpa2-only"
2026-08-31T23:47:21,24,36.4,"bench, wpa2-only"
2026-08-31T23:47:51,24,36.4,"bench, wpa2-only"
2026-08-31T23:49:08,24,36.6,"bench, wpa2-only"
2026-08-31T23:49:50,24.1,36.4,"bench, wpa2-only"
2026-08-31T23:50:20,24.1,36.3,"bench, wpa2-only"
2026-08-31T23:50:50,24.1,36.2,"bench, wpa2-only"
2026-08-31T23:51:50,24,36.2,"bench, wpa2-only"
2026-08-31T23:52:20,24,36.5,"bench, wpa2-only"
2026-08-31T23:52:50,23.9,36.5,"bench, wpa2-only"
2026-08-31T23:53:53,23.9,36.5,"bench, wpa2-only"
2026-08-31T23:54:38,23.9,36.6,"bench, wpa2-only"
2026-08-31T23:55:20,23.9,36.4,"bench, wpa2-only"
2026-08-31T23:55:50,24,36.4,"bench, wpa2-only"
2026-08-31T23:56:50,24,36.3,"bench, wpa2-only"
2026-08-31T23:57:20,24,36.3,"bench, wpa2-only"
2026-08-31T23:57:50,23.9,36.2,"bench, wpa2-only"
2026-08-31T23:58:20,23.8,36.3,"bench, wpa2-only"
2026-08-31T23:59:20,23.9,36.3,"bench, wpa2-only"
2026-09-01T00:00:35,23.8,36.3,"bench, wpa2-only"
2026-09-01T00:01:20,23.8,36.2,"bench, wpa2-only"
2026-09-01T00:01:50,23.8,36.2,"bench, wpa2-only"
2026-09-01T00:02:52,23.8,36.2,"bench, wpa2-only"
2026-09-01T00:05:31,,,unreachable: URLError
2026-09-01T00:11:50,24,36.2,"bench, wpa2-only"
2026-09-01T00:12:31,23.9,36.5,"bench, wpa2-only"
2026-09-01T00:13:01,23.9,36.5,"bench, wpa2-only"
2026-09-01T00:13:31,23.9,36.5,"bench, wpa2-only"
2026-09-01T00:14:01,23.9,36.5,"bench, wpa2-only"
2026-09-01T00:15:01,23.8,36.5,"bench, wpa2-only"
2026-09-01T00:15:31,23.9,36.5,"bench, wpa2-only"
2026-09-01T00:16:01,23.9,36.6,"bench, wpa2-only"
2026-09-01T00:16:31,23.9,36.6,"bench, wpa2-only"
2026-09-01T00:17:28,23.8,36.6,"bench, wpa2-only"
2026-09-01T00:18:01,23.9,36.6,"bench, wpa2-only"
2026-09-01T00:19:01,23.9,36.5,"bench, wpa2-only"
2026-09-01T00:19:31,23.9,36.5,"bench, wpa2-only"
2026-09-01T00:20:01,24,36.4,"bench, wpa2-only"
2026-09-01T00:20:31,23.9,36.4,"bench, wpa2-only"
2026-09-01T00:21:31,23.9,36.4,"bench, wpa2-only"
2026-09-01T00:22:01,24,36.4,"bench, wpa2-only"
2026-09-01T00:23:15,24,36.4,"bench, wpa2-only"
2026-09-01T00:24:40,23.8,36.3,"bench, wpa2-only"
2026-09-01T00:25:29,23.7,36.4,"bench, wpa2-only"
2026-09-01T00:25:59,23.7,36.4,"bench, wpa2-only"
2026-09-01T00:26:59,23.7,36.5,"bench, wpa2-only"
2026-09-01T00:27:29,23.7,36.5,"bench, wpa2-only"
2026-09-01T00:27:59,23.6,36.5,"bench, wpa2-only"
2026-09-01T00:28:29,23.6,36.5,"bench, wpa2-only"
2026-09-01T00:29:29,23.6,36.6,"bench, wpa2-only"
2026-09-01T00:31:18,23.7,36.5,"bench, wpa2-only"
2026-09-01T00:31:59,23.7,36.5,"bench, wpa2-only"
2026-09-01T00:32:29,23.7,36.5,"bench, wpa2-only"
2026-09-01T00:33:13,23.7,36.4,overnight room baseline
2026-09-01T00:33:59,23.7,36.4,overnight room baseline
2026-09-01T00:34:29,23.7,36.4,overnight room baseline
2026-09-01T00:34:59,23.6,36.4,overnight room baseline
2026-09-01T00:35:29,23.6,36.4,overnight room baseline
2026-09-01T00:37:06,23.7,36.5,overnight room baseline
2026-09-01T00:37:59,23.6,36.4,overnight room baseline
2026-09-01T00:38:29,23.6,36.4,overnight room baseline
2026-09-01T00:39:21,23.6,36.4,overnight room baseline
2026-09-01T00:39:59,23.5,36.5,overnight room baseline
2026-09-01T00:40:29,23.5,36.4,overnight room baseline
2026-09-01T00:40:59,23.6,36.5,overnight room baseline
2026-09-01T00:41:30,23.6,36.4,overnight room baseline
2026-09-01T00:42:29,23.6,36.4,overnight room baseline
2026-09-01T00:43:00,23.6,36.4,overnight room baseline
2026-09-01T00:43:30,23.7,36.4,overnight room baseline
2026-09-01T00:44:00,23.6,36.4,overnight room baseline
2026-09-01T00:44:49,23.6,36.4,overnight room baseline
2026-09-01T00:45:29,23.5,36.4,overnight room baseline
2026-09-01T00:45:59,23.5,36.4,overnight room baseline
2026-09-01T00:46:30,23.5,36.4,overnight room baseline
2026-09-01T00:47:00,23.5,36.4,overnight room baseline
2026-09-01T00:47:59,23.5,36.4,overnight room baseline
2026-09-01T00:48:30,23.6,36.4,overnight room baseline
2026-09-01T00:49:00,23.6,36.4,overnight room baseline
2026-09-01T00:49:30,23.6,36.3,overnight room baseline
2026-09-01T00:50:26,23.6,36.3,overnight room baseline
2026-09-01T00:50:59,23.5,36.3,overnight room baseline
2026-09-01T00:51:30,23.5,36.4,overnight room baseline
2026-09-01T00:52:00,23.5,36.4,overnight room baseline
2026-09-01T00:52:59,23.5,36.4,overnight room baseline
2026-09-01T00:53:29,23.5,36.4,overnight room baseline
2026-09-01T00:54:20,23.6,36.4,overnight room baseline
2026-09-01T00:55:03,23.5,36.4,overnight room baseline
2026-09-01T00:55:33,23.5,36.3,overnight room baseline
2026-09-01T00:56:03,23.4,36.4,overnight room baseline
2026-09-01T00:56:33,23.4,36.4,overnight room baseline
2026-09-01T00:57:33,23.4,36.4,overnight room baseline
2026-09-01T00:58:03,23.3,36.4,overnight room baseline
2026-09-01T00:58:33,23.4,36.4,overnight room baseline
2026-09-01T00:59:48,23.4,36.5,overnight room baseline
2026-09-01T01:00:33,23.5,36.4,overnight room baseline
2026-09-01T01:01:03,23.4,36.4,overnight room baseline
2026-09-01T01:01:33,23.4,36.4,overnight room baseline
2026-09-01T01:02:03,23.4,36.4,overnight room baseline
2026-09-01T01:03:03,23.4,36.4,overnight room baseline
2026-09-01T01:03:33,23.4,36.4,overnight room baseline
2026-09-01T01:04:03,23.4,36.4,overnight room baseline
2026-09-01T01:04:33,23.3,36.4,overnight room baseline
2026-09-01T01:05:28,23.3,36.4,overnight room baseline
2026-09-01T01:06:03,23.3,36.4,overnight room baseline
2026-09-01T01:06:33,23.3,36.3,overnight room baseline
2026-09-01T01:07:03,23.3,36.3,overnight room baseline
2026-09-01T01:07:33,23.3,36.3,overnight room baseline
2026-09-01T01:08:03,23.3,36.4,overnight room baseline
2026-09-01T01:08:33,23.4,36.4,overnight room baseline
2026-09-01T01:10:49,,,unreachable: URLError
2026-09-01T01:14:10,23.4,36.3,overnight room baseline
2026-09-01T01:15:02,23.3,36.4,overnight room baseline
2026-09-01T01:15:32,23.4,36.5,overnight room baseline
2026-09-01T01:16:02,23.4,36.5,overnight room baseline
2026-09-01T01:16:32,23.4,36.5,overnight room baseline
2026-09-01T01:17:02,23.4,36.6,overnight room baseline
2026-09-01T01:17:32,23.4,36.6,overnight room baseline
2026-09-01T01:18:32,23.4,36.6,overnight room baseline
2026-09-01T01:19:02,23.4,36.6,overnight room baseline
2026-09-01T01:19:58,23.4,36.6,overnight room baseline
2026-09-01T01:20:32,23.4,36.6,overnight room baseline
2026-09-01T01:21:02,23.5,36.6,overnight room baseline
2026-09-01T01:21:32,23.5,36.6,overnight room baseline
2026-09-01T01:22:32,23.4,36.6,overnight room baseline
2026-09-01T01:23:02,23.4,36.6,overnight room baseline
2026-09-01T01:23:32,23.4,36.6,overnight room baseline
2026-09-01T01:24:32,23.3,36.6,overnight room baseline
2026-09-01T01:25:35,23.3,36.7,overnight room baseline
2026-09-01T01:26:32,23.3,36.8,overnight room baseline
2026-09-01T01:27:02,23.3,36.8,overnight room baseline
2026-09-01T01:27:32,23.3,36.8,overnight room baseline
2026-09-01T01:28:32,23.4,36.8,overnight room baseline
2026-09-01T01:29:22,23.3,36.8,overnight room baseline
2026-09-01T01:30:04,23.3,36.8,overnight room baseline
2026-09-01T01:30:34,23.4,36.8,overnight room baseline
2026-09-01T01:31:04,23.3,36.8,overnight room baseline
2026-09-01T01:31:34,23.4,36.8,overnight room baseline
2026-09-01T01:32:34,23.3,36.8,overnight room baseline
2026-09-01T01:33:04,23.3,36.8,overnight room baseline
2026-09-01T01:33:34,23.3,36.9,overnight room baseline
2026-09-01T01:34:04,23.3,36.9,overnight room baseline
2026-09-01T01:34:50,23.3,36.9,overnight room baseline
2026-09-01T01:35:34,23.3,36.9,overnight room baseline
2026-09-01T01:36:04,23.3,36.9,overnight room baseline
2026-09-01T01:36:34,23.2,37,overnight room baseline
2026-09-01T01:37:34,23.3,37,overnight room baseline
2026-09-01T01:38:04,23.3,37.1,overnight room baseline
2026-09-01T01:39:04,23.4,37.1,overnight room baseline
2026-09-01T01:39:34,23.3,37,overnight room baseline
2026-09-01T01:40:29,23.3,37,overnight room baseline
2026-09-01T01:41:04,23.3,37.1,overnight room baseline
2026-09-01T01:41:34,23.3,37.1,overnight room baseline
2026-09-01T01:42:04,23.3,37.1,overnight room baseline
2026-09-01T01:42:34,23.3,37.1,overnight room baseline
2026-09-01T01:43:34,23.3,37,overnight room baseline
2026-09-01T01:44:17,23.3,37.1,overnight room baseline
2026-09-01T01:45:04,23.3,37,overnight room baseline
2026-09-01T01:45:34,23.3,37,overnight room baseline
2026-09-01T01:46:04,23.3,37,overnight room baseline
2026-09-01T01:47:04,23.4,37,overnight room baseline
2026-09-01T01:47:34,23.3,37,overnight room baseline
2026-09-01T01:48:04,23.3,36.9,overnight room baseline
2026-09-01T01:49:04,23.3,36.9,overnight room baseline
2026-09-01T01:49:50,23.3,36.9,overnight room baseline
2026-09-01T01:50:34,23.3,36.9,overnight room baseline
2026-09-01T01:51:04,23.4,36.9,overnight room baseline
2026-09-01T01:51:34,23.4,36.8,overnight room baseline
2026-09-01T01:52:34,23.4,36.8,overnight room baseline
2026-09-01T01:53:04,23.4,36.8,overnight room baseline
2026-09-01T01:53:34,23.3,36.8,overnight room baseline
2026-09-01T01:54:04,23.3,36.8,overnight room baseline
2026-09-01T01:54:34,23.4,36.8,overnight room baseline
2026-09-01T01:55:30,23.4,36.8,overnight room baseline
2026-09-01T01:56:04,23.3,36.8,overnight room baseline
2026-09-01T01:56:34,23.2,36.8,overnight room baseline
2026-09-01T01:57:04,23.2,36.9,overnight room baseline
2026-09-01T01:58:04,23.3,36.9,overnight room baseline
2026-09-01T01:58:34,23.3,36.9,overnight room baseline
2026-09-01T02:00:51,,,unreachable: URLError
2026-09-01T02:09:15,23.2,36.9,overnight room baseline
2026-09-01T02:10:02,23.3,36.7,overnight room baseline
2026-09-01T02:10:33,23.2,36.7,overnight room baseline
2026-09-01T02:11:03,23.2,36.7,overnight room baseline
2026-09-01T02:11:33,23.2,36.7,overnight room baseline
2026-09-01T02:12:03,23.1,36.7,overnight room baseline
2026-09-01T02:13:02,23.1,36.8,overnight room baseline
2026-09-01T02:13:32,23.1,36.8,overnight room baseline
2026-09-01T02:14:02,23.1,36.8,overnight room baseline
2026-09-01T02:14:54,23.1,36.8,overnight room baseline
2026-09-01T02:15:32,23.1,36.8,overnight room baseline
2026-09-01T02:16:03,23.1,36.8,overnight room baseline
2026-09-01T02:16:33,23.1,36.8,overnight room baseline
2026-09-01T02:17:03,23.1,36.8,overnight room baseline
2026-09-01T02:18:02,23.1,36.8,overnight room baseline
2026-09-01T02:18:33,23.1,36.8,overnight room baseline
2026-09-01T02:19:03,23.1,36.7,overnight room baseline
2026-09-01T02:19:33,23.1,36.7,overnight room baseline
2026-09-01T02:20:33,23.1,36.7,overnight room baseline
2026-09-01T02:21:03,23.1,36.8,overnight room baseline
2026-09-01T02:21:33,23.2,36.9,overnight room baseline
2026-09-01T02:22:32,23.2,36.8,overnight room baseline
2026-09-01T02:23:02,23.1,36.8,overnight room baseline
2026-09-01T02:23:33,23.1,36.8,overnight room baseline
2026-09-01T02:24:24,23.1,36.8,overnight room baseline
2026-09-01T02:25:05,23.1,36.9,overnight room baseline
2026-09-01T02:25:35,23.2,36.8,overnight room baseline
2026-09-01T02:26:05,23.2,36.8,overnight room baseline
2026-09-01T02:27:05,23.2,36.8,overnight room baseline
2026-09-01T02:27:35,23.1,36.8,overnight room baseline
2026-09-01T02:28:05,23.1,36.8,overnight room baseline
2026-09-01T02:28:35,23.1,36.8,overnight room baseline
2026-09-01T02:29:55,23.2,36.8,overnight room baseline
2026-09-01T02:30:35,23.2,36.7,overnight room baseline
2026-09-01T02:31:05,23.2,36.7,overnight room baseline
2026-09-01T02:31:35,23.3,36.7,overnight room baseline
2026-09-01T02:32:35,23.3,36.7,overnight room baseline
2026-09-01T02:33:05,23.3,36.6,overnight room baseline
2026-09-01T02:33:35,23.2,36.6,overnight room baseline
2026-09-01T02:34:05,23.2,36.7,overnight room baseline
2026-09-01T02:34:35,23.2,36.7,overnight room baseline
2026-09-01T02:35:35,23.2,36.7,overnight room baseline
2026-09-01T02:36:05,23.1,36.7,overnight room baseline
2026-09-01T02:37:05,23.1,36.8,overnight room baseline
2026-09-01T02:37:35,23.1,36.8,overnight room baseline
2026-09-01T02:38:05,23.1,36.8,overnight room baseline
2026-09-01T02:39:24,23.3,36.8,overnight room baseline
2026-09-01T02:40:06,23.3,36.6,overnight room baseline
2026-09-01T02:40:36,23.3,36.6,overnight room baseline
2026-09-01T02:41:06,23.3,36.5,overnight room baseline
2026-09-01T02:41:36,23.2,36.5,overnight room baseline
2026-09-01T02:42:36,23.2,36.6,overnight room baseline
2026-09-01T02:43:06,23.2,36.6,overnight room baseline
2026-09-01T02:43:36,23.2,36.6,overnight room baseline
2026-09-01T02:44:06,23.2,36.6,overnight room baseline
2026-09-01T02:44:52,23.2,36.6,overnight room baseline
2026-09-01T02:45:36,23.2,36.5,overnight room baseline
2026-09-01T02:46:06,23.2,36.5,overnight room baseline
2026-09-01T02:46:36,23.2,36.5,overnight room baseline
2026-09-01T02:47:06,23.2,36.5,overnight room baseline
2026-09-01T02:48:06,23.2,36.4,overnight room baseline
2026-09-01T02:48:36,23.2,36.4,overnight room baseline
2026-09-01T02:49:06,23.2,36.4,overnight room baseline
2026-09-01T02:49:36,23.2,36.4,overnight room baseline
2026-09-01T02:50:32,23.2,36.4,overnight room baseline
2026-09-01T02:51:06,23.2,36.4,overnight room baseline
2026-09-01T02:51:36,23.1,36.4,overnight room baseline
2026-09-01T02:52:06,23.2,36.4,overnight room baseline
2026-09-01T02:52:36,23.2,36.4,overnight room baseline
2026-09-01T02:53:06,23.1,36.4,overnight room baseline
2026-09-01T02:55:53,,,unreachable: URLError
2026-09-01T02:59:14,23.1,36.4,overnight room baseline
2026-09-01T03:00:08,23.1,36.4,overnight room baseline
2026-09-01T03:09:32,,,unreachable: URLError
